
INSERT INTO users (id, email, password, full_name, learning_goal, level, created_at, updated_at) VALUES
(1, 'tranvandu1409@gmail.com', '$2a$12$Cc8rf0fJqd07Ki4UaUwOV.WqkOyZm5/I70Nii7wFVz8AwuSCsqdtW', 'Zr1409', 'IELTS', 'B1', NOW(), NOW()),
(2, 'user2@gmail.com', '$2a$12$Cc8rf0fJqd07Ki4UaUwOV.WqkOyZm5/I70Nii7wFVz8AwuSCsqdtW', 'Trần Thị B', 'TOEIC', 'B2', NOW(), NOW()),
(3, 'user3@gmail.com', '$2a$12$Cc8rf0fJqd07Ki4UaUwOV.WqkOyZm5/I70Nii7wFVz8AwuSCsqdtW', 'Lê Minh C', 'Communication', 'A2', NOW(), NOW()),
(4, 'user4@gmail.com', '$2a$12$Cc8rf0fJqd07Ki4UaUwOV.WqkOyZm5/I70Nii7wFVz8AwuSCsqdtW', 'Phạm Anh D', 'IELTS', 'C1', NOW(), NOW()),
(5, 'user5@gmail.com', '$2a$12$Cc8rf0fJqd07Ki4UaUwOV.WqkOyZm5/I70Nii7wFVz8AwuSCsqdtW', 'Hoàng Thúy E', 'TOEIC', 'B1', NOW(), NOW());

INSERT INTO learning_plans (user_id, new_words_per_day, created_at, updated_at) VALUES
(1, 10, NOW(), NOW()),
(2, 12, NOW(), NOW()),
(3, 8, NOW(), NOW()),
(4, 15, NOW(), NOW()),
(5, 10, NOW(), NOW());

INSERT INTO vocabulary_sets (id, user_id, name, description, tags, created_at, updated_at) VALUES
(1, 1, 'IELTS Academic Vocabulary', 'Từ vựng học thuật thường gặp trong IELTS', 'IELTS,Academic', NOW(), NOW()),
(2, 1, 'Business English', 'Từ vựng dành cho môi trường công ty', 'Business,Professional', NOW(), NOW()),
(3, 2, 'Daily Conversation', 'Các từ dùng trong giao tiếp hàng ngày', 'Daily,Conversation', NOW(), NOW()),
(4, 2, 'Travel English', 'Từ vựng du lịch và khám phá', 'Travel,Adventure', NOW(), NOW()),
(5, 3, 'Technical Terms', 'Kỹ thuật và công nghệ', 'Technical,IT', NOW(), NOW());



INSERT INTO vocabularies (id, vocabulary_set_id, word, pronunciation, meaning, description, example_sentence, fixed_phrase, related_words, notes, created_at, updated_at) VALUES
(1, 1, 'Ubiquitous', '/juːˈbɪk.wɪ.təs/', 'Có mặt ở khắp nơi', 'Present, appearing, or found everywhere', 'Mobile phones are ubiquitous in modern society.', 'ubiquitous presence, ubiquitous technology', 'omnipresent, pervasive, widespread', 'IELTS Band 7+', NOW(), NOW()),
(2, 1, 'Resilient', '/rɪˈzɪl.i.ənt/', 'Kiên cường, có sức chống chịu', 'Able to recover quickly from difficult conditions', 'Children are often more resilient than adults.', 'resilient economy, resilient spirit', 'tough, adaptable, strong', 'Speaking Band 8', NOW(), NOW()),
(3, 1, 'Mitigate', '/ˈmɪt.ɪ.ɡeɪt/', 'Giảm nhẹ, làm dịu bớt', 'Make less severe, serious, or painful', 'Measures to mitigate climate change are essential.', 'mitigate risk, mitigate impact', 'alleviate, reduce, ease', 'Academic vocabulary', NOW(), NOW()),
(4, 1, 'Pragmatic', '/præɡˈmæt.ɪk/', 'Thực dụng, thực tế', 'Dealing with things sensibly and realistically', 'We need a pragmatic approach to solve this.', 'pragmatic approach, pragmatic solution', 'practical, realistic, sensible', 'Business English', NOW(), NOW()),
(5, 1, 'Eloquent', '/ˈel.ə.kwənt/', 'Hùng biện, lưu loát', 'Fluent or persuasive in speaking or writing', 'She gave an eloquent speech about human rights.', 'eloquent speaker, eloquent words', 'articulate, expressive, fluent', 'Speaking Band 8+', NOW(), NOW()),

(6, 2, 'Leverage', '/ˈlev.ər.ɪdʒ/', 'Tận dụng, sử dụng hiệu quả', 'Use something to maximum advantage', 'Companies leverage technology to improve efficiency.', 'leverage resources, leverage position', 'utilize, exploit, harness', 'Business term', NOW(), NOW()),
(7, 2, 'Revenue', '/ˈrev.ə.njuː/', 'Doanh thu, thu nhập', 'Income generated by a business', 'The company increased revenue by 25% this year.', 'revenue stream, revenue growth', 'income, earnings, profit', 'Business term', NOW(), NOW()),
(8, 2, 'Stakeholder', '/ˈsteɪk.hoʊl.dər/', 'Người có quyền lợi', 'Person with an interest or concern in something', 'We must consider all stakeholder perspectives.', 'stakeholder engagement, key stakeholder', 'investor, shareholder, participant', 'Business term', NOW(), NOW()),
(9, 2, 'Synergy', '/ˈsɪn.ər.dʒi/', 'Hiệu ứng tương tác', 'Interaction producing enhanced effect', 'The merger created significant synergy benefits.', 'synergy effect, create synergy', 'cooperation, collaboration, combination', 'Business term', NOW(), NOW()),
(10, 2, 'Compliance', '/kəmˈplaɪ.əns/', 'Tuân thủ, tuân theo', 'Action of complying with a rule or request', 'Full compliance with regulations is mandatory.', 'compliance with law, compliance standard', 'adherence, conformity, obedience', 'Business term', NOW(), NOW()),

(11, 3, 'Cheers', '/tʃɪrz/', 'Tạm biệt, cảm ơn', 'Used as a friendly way to say goodbye', 'Cheers, see you tomorrow!', 'cheers, mate, goodbye', 'goodbye, bye, farewell', 'Casual speech', NOW(), NOW()),
(12, 3, 'Grab', '/ɡræb/', 'Lấy nhanh, bắt', 'Take or seize something quickly', 'Let me grab a coffee before the meeting.', 'grab a bite, grab your bag', 'take, seize, snatch', 'Daily phrase', NOW(), NOW()),
(13, 3, 'Chill', '/tʃɪl/', 'Thư giãn', 'Relax, spend time in a relaxed way', 'Let''s just chill this weekend.', 'chill out, chill with friends', 'relax, unwind, rest', 'Slang', NOW(), NOW()),
(14, 3, 'Vibe', '/vaɪb/', 'Cảm giác, không khí', 'A feeling or atmosphere', 'I''m getting good vibes from this place.', 'good vibe, bad vibe', 'feeling, atmosphere, energy', 'Slang', NOW(), NOW()),
(15, 3, 'Awesome', '/ˈɔ.səm/', 'Tuyệt vời', 'Extremely impressive or daunting', 'That''s an awesome idea!', 'awesome job, awesome experience', 'great, fantastic, wonderful', 'Casual', NOW(), NOW()),

(16, 4, 'Itinerary', '/aɪˈtɪn.ə.rer.i/', 'Lịch trình', 'A planned route or journey', 'Here''s my travel itinerary for next month.', 'travel itinerary, detailed itinerary', 'route, plan, schedule', 'Travel term', NOW(), NOW()),
(17, 4, 'Accommodation', '/ə.kɒm.ə.ˈdeɪ.ʃən/', 'Chỗ ở, hầu hế', 'A place where someone can live', 'We booked a beautiful accommodation in Paris.', 'accommodation options, budget accommodation', 'lodging, housing, hostel', 'Travel term', NOW(), NOW()),
(18, 4, 'Souvenir', '/ˌsuː.vəˈnɪr/', 'Quà lưu niệm', 'A thing that is kept as a reminder', 'I bought some souvenirs from the local market.', 'souvenir shop, travel souvenir', 'memento, keepsake, gift', 'Travel term', NOW(), NOW()),
(19, 4, 'Scenic', '/ˈsen.ɪk/', 'Có cảnh đẹp', 'Displaying scenery or beautiful views', 'We took the scenic route through the mountains.', 'scenic view, scenic route, scenic beauty', 'picturesque, beautiful, pretty', 'Travel term', NOW(), NOW()),
(20, 4, 'Amenity', '/əˈmen.ə.ti/', 'Tiện nghi', 'A useful or desirable feature', 'The hotel offers many amenities for guests.', 'amenity services, hotel amenities', 'facility, convenience, service', 'Travel term', NOW(), NOW()),

(21, 5, 'Algorithm', '/ˈæl.ɡə.rɪ.ðəm/', 'Thuật toán', 'Step-by-step procedure for solving a problem', 'The search algorithm works very efficiently.', 'machine learning algorithm, sorting algorithm', 'procedure, method, formula', 'Tech term', NOW(), NOW()),
(22, 5, 'Interface', '/ˈɪn.tər.feɪs/', 'Giao diện', 'Device or program enabling communication', 'The user interface is very intuitive.', 'user interface, user-friendly interface', 'UI, display, dashboard', 'Tech term', NOW(), NOW()),
(23, 5, 'Database', '/ˈdeɪ.tə.beɪs/', 'Cơ sở dữ liệu', 'Organized collection of data', 'We store all customer data in a database.', 'database management, database query', 'data storage, repository', 'Tech term', NOW(), NOW()),
(24, 5, 'API', '/ˌeɪ.piː.ˈaɪ/', 'Giao diện lập trình ứng dụng', 'Interface for software communication', 'The REST API provides access to our services.', 'API endpoint, API integration', 'interface, integration, connection', 'Tech term', NOW(), NOW()),
(25, 5, 'Encryption', '/ɪnˈkrip.ʃən/', 'Mã hoá', 'Process of converting data into code', 'End-to-end encryption protects user privacy.', 'data encryption, encryption key', 'security, encoding, cipher', 'Tech term', NOW(), NOW());


INSERT INTO study_history (user_id, vocabulary_id, rating, ease_factor, interval_days, next_review_date, last_review_date, repetitions, created_at) VALUES
(1, 1, 'good', 2.50, 3, CURDATE(), CURDATE() - INTERVAL 1 DAY, 1, NOW()),
(1, 6, 'easy', 2.50, 5, CURDATE(), CURDATE() - INTERVAL 2 DAY, 2, NOW() - INTERVAL 1 DAY),
(2, 11, 'hard', 2.35, 2, CURDATE() + INTERVAL 2 DAY, CURDATE(), 1, NOW()),
(3, 11, 'good', 2.40, 4, CURDATE() + INTERVAL 4 DAY, CURDATE() - INTERVAL 2 DAY, 2, NOW() - INTERVAL 2 DAY),
(4, 16, 'again', 2.20, 1, CURDATE(), CURDATE() - INTERVAL 3 DAY, 1, NOW() - INTERVAL 3 DAY);


INSERT INTO daily_stats (id, user_id, study_date, words_learned, correct_count, incorrect_count, time_spent_seconds, new_words_learned, review_success_count, review_total_count, retention_rate, study_sessions) VALUES
(1, 3, CURDATE() - INTERVAL 1 DAY, 7, 6, 1, 2100, 2, 3, 5, 60, 2),
(2, 4, CURDATE() - INTERVAL 2 DAY, 12, 10, 2, 3000, 3, 5, 5, 100, 3),
(3, 5, CURDATE() - INTERVAL 3 DAY, 6, 5, 1, 1500, 1, 4, 5, 80.0, 1),
(4, 1, '2026-04-07', 1, 1, 1, 2400, 1, 1, 1, 80, 1),
(5, 1, '2026-04-08', 1, 1, 1, 1920, 1, 1, 1, 60, 1);



INSERT INTO notifications (user_id, message, is_read, notification_type, created_at) VALUES
(3, 'Chúc mừng! Bạn đã đạt 7 ngày học liên tiếp', TRUE, 'milestone', NOW() - INTERVAL 1 DAY),
(4, 'Từ mới: Business English được thêm vào bộ từ của bạn', TRUE, 'info', NOW() - INTERVAL 2 DAY),
(5, 'Bạn có 15 từ cần ôn hôm nay', FALSE, 'reminder', NOW() - INTERVAL 3 DAY),
(1, 'Hoàn thành phiên học\nBạn vừa học xong 5 từ, đúng 5 từ (100%).', FALSE, 'SESSION_SUMMARY', '2026-04-07'),
(1, 'Hoàn thành phiên học\nBạn vừa học xong 5 từ, đúng 5 từ (100%).', FALSE, 'SESSION_SUMMARY', '2026-04-08');


INSERT INTO notification_preferences (user_id, enable_daily_reminder, enable_review_reminder, enable_email_notification, reminder_time, created_at, updated_at) VALUES
(1, TRUE, TRUE, TRUE, '08:00:00', NOW(), NOW()),
(2, TRUE, TRUE, TRUE, '08:00:00', NOW(), NOW()),
(3, TRUE, FALSE, FALSE, '09:00:00', NOW(), NOW()),
(4, FALSE, TRUE, TRUE, '08:30:00', NOW(), NOW()),
(5, TRUE, TRUE, FALSE, '08:00:00', NOW(), NOW());

